{"cameraMode":{"drawMode":0,"name":"Shaded","section":"Shading Mode"},"sceneLighting":true,"audioPlay":false,"sceneViewState":{"m_AlwaysRefresh":false,"showFog":true,"showSkybox":true,"showFlares":true,"showImageEffects":true,"showParticleSystems":true,"showVisualEffectGraphs":true,"m_FxEnabled":true},"in2DMode":false,"pivot":{"x":-68.13665008544922,"y":-117.63727569580078,"z":-26.634021759033204},"rotation":{"x":-0.019194962456822397,"y":0.8675295114517212,"z":-0.49592041969299319,"w":-0.03359256684780121},"size":228.17288208007813,"orthographic":false}