{"cameraMode":{"drawMode":0,"name":"Shaded","section":"Shading Mode"},"sceneLighting":true,"audioPlay":false,"sceneViewState":{"m_AlwaysRefresh":false,"showFog":true,"showSkybox":true,"showFlares":true,"showImageEffects":true,"showParticleSystems":true,"showVisualEffectGraphs":true,"m_FxEnabled":true},"in2DMode":false,"pivot":{"x":-8.744832038879395,"y":-2.443052053451538,"z":-0.6786426901817322},"rotation":{"x":0.007220294792205095,"y":-0.9047495722770691,"z":0.42572876811027529,"w":0.01551005244255066},"size":7.929062843322754,"orthographic":false}